study_hours,attendance,score
19.833722807854716,76.7,73.23
15.40875605584674,100.0,76.07
4.21056976881226,13.3,2.82
10.028829473958217,53.3,51.36
4.6724952729713305,43.3,32.2
8.191218545250186,100.0,77.1
15.601680474699297,66.7,68.71
15.424496305808074,26.7,34.0
4.562007558047703,96.7,72.42
18.4444663630972,100.0,89.34
11.851363655296536,63.3,53.68
7.59848581924029,50.0,38.99
10.038711615617212,30.0,38.0
12.101425068754876,30.0,43.79
11.197810636915708,70.0,59.92
9.728100710723565,43.3,33.54
10.098656081788002,53.3,55.8
3.5282382085577235,46.7,34.61
16.25465808609359,3.3,11.74
10.835206398820308,70.0,59.89
2.621597234094062,93.3,69.46
15.32314203165556,16.7,8.67
18.648879567547016,3.3,7.81
18.94613798473924,33.3,44.25
7.380354648223455,50.0,37.63
2.7103374712150807,83.3,74.45
10.367992532661304,93.3,73.72
2.2521845869844137,73.3,53.63
18.679748370252344,66.7,71.37
3.67159254710292,33.3,37.99
5.055317199023282,60.0,43.18
8.132730537699409,43.3,46.19
7.663289371182516,16.7,9.62
15.89325784795778,30.0,23.74
9.126336411019247,10.0,28.52
3.415365200066738,23.3,6.54
5.344197909721482,13.3,5.46
10.18226770375044,30.0,26.69
2.949078348522698,90.0,75.47
12.233113512920282,30.0,38.17
11.314946131022918,23.3,26.46
14.294046327645152,76.7,65.63
18.754092307587356,60.0,70.22
18.245091222023117,70.0,72.22
18.921512361376628,96.7,100.0
4.894311940474019,76.7,62.88
2.6313061327870924,83.3,64.09
6.04553400992897,50.0,42.59
17.90170345532629,43.3,52.5
19.441069492469765,46.7,61.53
17.18649902140952,83.3,73.39
2.200354422550872,60.0,49.66
18.948559961195865,26.7,39.29
8.46716054701572,56.7,41.61
0.1862058152470735,3.3,18.91
8.847874814963872,16.7,20.07
0.9213833935093518,33.3,33.56
10.87755842322235,3.3,7.16
6.771080548741026,70.0,65.35
9.468698671880976,23.3,23.23
12.26340721486234,66.7,47.32
17.376021916356407,60.0,58.28
13.238031529438572,63.3,55.86
8.680977369563614,73.3,59.65
16.388557073407302,90.0,83.68
18.111642751462643,80.0,81.55
2.3951993286439444,23.3,25.99
10.638659551055827,6.7,0.7
5.690239194848883,30.0,33.25
0.941223957538948,96.7,82.1
13.370933902279706,80.0,73.44
17.255415549184512,6.7,18.47
3.258053089547881,73.3,63.92
16.24827315247801,86.7,82.52
17.067914670738833,53.3,55.02
18.28680885332967,43.3,46.4
5.305701781721048,90.0,68.36
18.079061303797783,40.0,53.29
6.413255094728645,36.7,24.49
11.046760269110056,16.7,24.86
1.0101494166456426,80.0,51.87
0.8776217673748721,16.7,12.51
14.407464254644058,76.7,63.31
8.88959955955582,46.7,36.58
5.125847507384352,60.0,58.57
3.808269920498204,23.3,28.97
13.399069817184362,33.3,38.09
0.0080308805067974,10.0,0.0
16.117823383937086,26.7,26.47
1.5849921225985764,66.7,55.74
3.829792298162389,13.3,4.87
7.724727905981792,100.0,87.67
9.697174794322072,96.7,88.81
7.099902316278836,46.7,55.96
6.414243299685878,86.7,67.71
19.278320241463767,3.3,18.32
12.831593624867883,3.3,24.14
0.4686591073477641,83.3,63.88
8.603518168886264,16.7,18.61
17.500173994879404,20.0,18.05
6.029123728213359,23.3,31.78
1.8911268954877647,80.0,63.15
15.167695431798355,10.0,23.56
12.120276638721624,33.3,37.89
11.406250156530078,3.3,16.21
1.0715311921481585,53.3,51.22
2.8099801959103465,40.0,21.06
12.450987924262275,50.0,36.6
4.156476829176716,20.0,37.2
10.081401594968488,60.0,64.69
10.89763372058787,86.7,80.52
5.670143805418788,93.3,88.63
18.968503110829857,93.3,77.24
16.8492821367115,40.0,48.0
14.44747015265597,56.7,54.96
1.5598773281881817,50.0,21.96
2.122600386180389,30.0,33.51
9.855626917299114,46.7,45.49
3.214266983819713,13.3,15.48
19.56530927058948,90.0,90.49
3.170404680548189,60.0,54.37
9.74935670927948,76.7,74.36
7.282421136830108,40.0,24.52
12.78772842908196,86.7,77.54
2.5807281777884983,96.7,87.46
8.606328560847817,53.3,64.76
5.494100656142873,96.7,88.38
17.75503049343376,66.7,70.5
0.8117142426939017,60.0,50.41
18.274549880129182,26.7,34.28
16.65988277106001,70.0,52.62
5.951414328816309,93.3,75.76
15.785813093542094,86.7,89.56
0.6242712067749512,93.3,60.66
19.33731100586787,83.3,79.04
10.531898851795788,60.0,53.07
6.065620521308905,70.0,55.12
7.251664251893541,40.0,29.57
1.3281070692099473,76.7,68.47
19.786990280840783,43.3,55.95
0.7858389030138491,93.3,78.49
13.09814246295718,23.3,26.15
8.854718554129166,23.3,20.41
18.978324363774306,46.7,50.84
4.919994806135904,76.7,60.8
10.641736478760226,70.0,66.49
9.64712417165506,96.7,89.72
14.057328881002029,63.3,57.86
1.3602046390484102,26.7,25.18
3.875782600467097,83.3,72.04
4.291296401856997,96.7,70.11
14.763015096833794,33.3,44.07
3.7827739265348015,26.7,28.0
11.469835277819534,23.3,25.77
4.304876410019074,93.3,76.89
17.232499001679567,46.7,65.79
18.84370908979277,6.7,12.58
10.369859498844807,80.0,69.61
7.046177684183565,6.7,6.19
4.681155500349982,33.3,29.74
0.9956200304608752,86.7,84.4
5.370001523949908,26.7,32.34
13.084715598906358,100.0,92.96
10.672338626184215,76.7,66.76
18.880825565618547,63.3,59.24
7.925545249834012,56.7,40.61
13.87726684656789,50.0,63.44
9.786454949502428,70.0,57.46
10.251524318484233,53.3,56.5
5.35548629208235,33.3,33.03
9.099015536839994,23.3,23.75
9.415699940254145,16.7,20.47
14.132850434978678,53.3,58.48
18.81279998372228,70.0,67.07
6.586425549650086,33.3,38.6
0.8440093716259689,10.0,4.92
9.925902510012794,80.0,68.72
10.889226642983372,16.7,27.62
3.368811022638305,93.3,63.84
15.209292125521332,96.7,81.86
19.698582168829837,83.3,79.65
18.915494340169214,33.3,43.05
3.942120776473044,73.3,58.45
17.507264798015214,70.0,81.85
14.089872728233694,90.0,74.84
9.076931276138232,13.3,22.41
10.812219886494582,93.3,74.03
16.99200349964916,73.3,66.86
9.602698792767464,23.3,30.45
7.464147382102537,30.0,34.14
9.864949860519715,46.7,38.06
11.582596080700982,56.7,55.79
3.781553075566977,70.0,53.38
18.018154605339813,60.0,56.39
13.483738976592276,63.3,68.78
12.665378346749778,13.3,22.44
1.9899245236127627,100.0,77.93
12.083478763451836,10.0,32.19
2.4192132447698467,30.0,14.28
1.573953503907981,6.7,14.53
10.546217912847863,40.0,41.09
8.055710680929899,40.0,30.87
11.776205403124465,83.3,74.2
1.784443361144772,60.0,50.23
8.619661256945168,40.0,28.65
3.4957343009031594,60.0,54.81
19.74200171848233,13.3,23.64
11.223004248703488,16.7,14.18
13.748737218817348,30.0,24.27
6.508365613652156,33.3,41.4
1.894778295586883,90.0,70.98
19.517417255670733,23.3,4.75
5.7251807076636645,96.7,81.46
8.476163703471485,53.3,48.0
12.9972784340515,63.3,50.54
0.4939459537222257,3.3,3.15
16.205182610345737,13.3,32.18
10.731563800572406,80.0,64.79
5.564343741376443,36.7,36.58
1.232159705849385,43.3,36.64
3.2499683094888288,26.7,42.76
17.900677177068737,60.0,57.21
13.72048447871782,46.7,49.02
4.998034432737796,90.0,65.54
1.3120152989005909,20.0,19.21
13.812306247732726,56.7,45.16
11.448154519355302,36.7,22.05
8.090390489164701,10.0,20.43
7.272228983801277,60.0,36.15
4.336285518582166,93.3,83.48
13.392225130750353,16.7,20.49
19.41336055587741,16.7,16.92
3.514304916736517,43.3,34.74
11.942332400310068,56.7,49.79
8.483701114919524,53.3,41.0
8.933774434893298,93.3,62.79
5.082945602556288,100.0,74.6
16.50269751322838,16.7,31.47
9.705112082944822,23.3,35.45
10.86811704396528,46.7,39.93
6.095218255946515,93.3,77.22
3.636169313338995,56.7,41.03
1.7182077640564095,93.3,64.67
14.282382818498318,60.0,59.73
3.924685633757112,53.3,47.45
13.801507083775954,43.3,52.76
7.807528920939077,56.7,42.51
8.315496019793029,33.3,26.11
9.383549921855431,16.7,29.85
7.354170162550863,93.3,66.23
2.0123995444518017,40.0,30.85
6.192636200056915,76.7,53.19
13.274687213878767,90.0,72.85
13.31568802937742,90.0,77.98
5.724486144799887,40.0,25.91
9.20205253115376,66.7,60.08
3.8689445602387496,100.0,78.91
4.207441630596716,76.7,68.09
0.4609417681321481,53.3,38.27
17.934930998154893,100.0,86.71
4.214133301498125,80.0,57.55
4.550677538729266,33.3,31.64
5.592028652902636,36.7,36.99
2.54816143390858,36.7,36.13
12.785257663627256,23.3,20.24
1.5028590635517314,66.7,53.76
2.6840485265270053,13.3,13.98
12.895134531801858,6.7,14.52
6.793212409628855,56.7,40.05
14.158956534023782,30.0,25.07
11.14849489340284,50.0,41.58
5.120423461230262,56.7,38.29
13.016559009786562,63.3,55.15
2.325473605857613,46.7,28.88
10.728207661600608,56.7,53.84
8.742962100900693,70.0,64.82
5.357471656348816,23.3,22.81
12.080099954790002,6.7,17.39
17.42667184680565,56.7,53.49
19.97809399526153,43.3,38.76
12.15525537486849,30.0,38.69
8.094117486583404,73.3,74.16
4.5041420043240326,46.7,40.84
5.141921787902235,83.3,58.31
9.589099562995314,76.7,81.76
7.345554025614184,16.7,8.66
18.276290452498884,60.0,47.37
7.365909353114191,43.3,36.42
7.468891822908709,86.7,63.84
7.67069024867954,83.3,55.6
16.732404207353163,33.3,46.19
13.015766416938035,40.0,46.24
12.283377006377854,90.0,81.72
6.682860447677244,80.0,63.66
16.35808353664879,90.0,77.53
0.7672772271140227,20.0,16.4
17.415943446762263,66.7,77.21
10.254997995878592,63.3,49.81
7.965004697268256,56.7,65.13
9.943345614353714,60.0,43.35
13.348310610676622,6.7,27.85
0.2553085303579472,70.0,41.23
17.431037129164956,43.3,33.44
8.934790506227856,50.0,49.62
6.859330394001564,86.7,76.52
2.764911312681142,76.7,59.82
8.789307487168843,56.7,52.09
9.926455425687577,86.7,91.14
8.072933889869557,16.7,8.06
13.573201876537942,10.0,28.24
8.41793057518452,23.3,15.77
19.228351556931468,76.7,78.93
11.985550356471837,20.0,17.0
16.14955871303818,16.7,19.91
2.187118062189577,83.3,71.1
7.945825858918114,50.0,31.34
6.736954028943054,10.0,13.36
11.389647762731837,90.0,79.78
17.222270401228513,63.3,70.39
1.5667643552401334,66.7,53.93
1.4514959608942155,93.3,68.1
17.00635416315198,63.3,65.69
4.257001720767148,3.3,22.81
13.375065088996276,86.7,65.24
10.857562647216104,83.3,74.55
16.657871897744588,40.0,40.63
2.5017781967280706,43.3,34.04
2.595659314452225,50.0,47.92
11.13636720556615,26.7,25.28
18.92757306716742,66.7,58.3
8.299955167415085,86.7,84.7
6.538842005093899,73.3,59.62
12.133786463957716,93.3,69.52
18.608972010900622,3.3,13.37
16.738556656892474,76.7,63.56
19.9096722146644,83.3,75.18
0.4513716640475418,90.0,74.65
2.2571628942552446,63.3,48.73
12.18935526733244,63.3,53.7
16.411528786676996,20.0,29.39
5.704886846135331,33.3,35.01
4.784221760684375,50.0,43.89
15.739515987624015,70.0,72.5
1.1276370770646316,30.0,25.84
7.387652951651702,56.7,47.69
10.116184451846594,60.0,47.02
11.206973487006469,73.3,65.37
14.572303135855538,80.0,77.68
7.096914468613164,63.3,34.66
12.253686893492144,86.7,70.84
11.707508455819127,43.3,27.15
10.952322013074944,90.0,71.85
12.809665862844245,96.7,72.39
5.188983421361526,93.3,79.53
1.6929750716925795,16.7,11.78
2.3854334407948685,63.3,55.28
4.491647653078021,93.3,84.38
10.003958710455706,90.0,80.1
16.808855010920404,83.3,83.75
14.025866841767682,63.3,43.14
15.780812084040942,40.0,55.42
7.019512478521827,70.0,50.12
8.093074832971004,3.3,17.89
7.873637719812256,100.0,97.02
3.8374636880900304,46.7,42.24
1.2243331628714405,50.0,43.95
11.818321856544536,73.3,53.41
19.784333668411723,20.0,22.79
3.3365940990052567,33.3,28.45
0.9336963979854752,73.3,58.73
15.59063363647866,13.3,15.59
5.051720133694484,26.7,8.53
16.59287610705857,73.3,55.6
14.078733340690308,63.3,58.21
18.91347074101609,26.7,40.58
8.178544715133441,73.3,55.02
13.239396789012684,53.3,64.6
9.297095616265414,96.7,74.91
12.61177394617087,66.7,59.35
8.991978120154746,66.7,70.76
3.7726449284814967,76.7,63.13
10.157948320067618,26.7,26.07
10.571684028748846,83.3,66.53
16.21207696520322,33.3,39.99
14.710414115871624,36.7,44.99
13.275832478828882,80.0,66.44
2.2677419110514507,93.3,74.96
14.4123258132743,76.7,74.44
10.006103127090295,43.3,34.38
17.881990722123184,46.7,46.22
18.39741868261085,66.7,61.06
1.1031318120357092,96.7,71.4
16.412831207089575,20.0,30.15
0.7539478084534124,33.3,22.4
7.343392513900453,13.3,6.83
10.845999512421582,23.3,16.69
2.962015972542549,40.0,27.24
14.926276251381536,80.0,70.33
0.1670940834427714,43.3,46.72
3.3719809686807367,76.7,75.89
11.615936597069512,56.7,53.38
14.287751240745848,80.0,75.95
18.332862053878323,10.0,24.85
14.109933038692477,33.3,30.81
13.43558540509732,10.0,21.61
7.886822927013286,13.3,2.88
0.0256885105360282,90.0,73.36
2.403185174712439,46.7,51.17
10.691090895120784,86.7,76.64
13.502597716888394,63.3,60.93
8.34896567792925,73.3,60.69
14.613580230567804,16.7,19.43
10.437245906643575,36.7,46.99
1.4835239118862442,60.0,39.91
3.8403250193589766,20.0,17.61
16.799964464878858,10.0,19.1
14.49825493248879,43.3,37.59
17.8952397402499,36.7,38.15
2.351144982418732,73.3,56.77
19.80445069230148,90.0,85.06
4.188134278998672,33.3,35.96
0.2355975257328402,13.3,8.41
19.94845878107108,76.7,77.81
5.621477708902263,100.0,94.27
13.360389050251198,46.7,41.39
3.533646283526104,20.0,26.26
11.604570643982834,73.3,63.38
18.080699729091187,36.7,34.9
6.403623348568772,60.0,50.64
13.405079520887185,96.7,81.71
3.75807177596833,60.0,50.43
12.495907974374504,73.3,59.94
6.729007036350203,3.3,7.2
4.224165171759033,36.7,38.72
6.263641014072703,83.3,72.63
3.576821370155987,10.0,6.22
18.03832215675765,100.0,85.46
7.943737726342577,10.0,14.57
4.905586099487347,20.0,23.25
8.968156820318658,86.7,66.98
6.410723336129911,93.3,77.66
14.88838507626652,90.0,69.53
19.424398237709887,100.0,100.0
8.760673133952936,56.7,58.32
17.220667999444807,73.3,76.69
11.31726147119239,3.3,21.73
3.1447133018846696,23.3,38.01
13.812454841626831,90.0,82.25
10.268689942516405,43.3,54.39
13.01213046504207,56.7,46.31
17.7937482514333,20.0,36.93
8.808691413120922,90.0,71.97
18.023552464347112,20.0,26.45
15.013380285633096,70.0,64.32
9.772098517559694,93.3,89.69
12.064442713159274,26.7,32.54
6.511622650380229,80.0,80.24
19.671945994775484,70.0,63.43
13.34702326100792,60.0,49.73
0.8769370499325979,90.0,75.11
6.532438114960176,43.3,37.84
12.46628867518115,66.7,54.32
1.126665555984796,20.0,16.04
0.4776838263828553,90.0,68.84
9.000484790556051,23.3,25.96
6.6538035938534,56.7,56.38
8.765972160663317,43.3,41.67
5.253866197600104,76.7,62.49
3.2943549388596183,13.3,6.96
13.782867139606754,70.0,65.94
10.29142232535601,86.7,76.43
4.003084224987337,26.7,34.05
6.391788525199966,80.0,80.97
11.83615815326652,63.3,64.33
1.444586965449557,20.0,0.0
2.949060185323591,93.3,78.6
1.4649120821478023,16.7,26.16
16.246346654282377,90.0,71.71
15.048184664240186,70.0,65.99
15.06625863758514,90.0,66.74
14.32650686952056,53.3,69.87
13.387708473397383,6.7,29.66
9.5398383075635,70.0,63.0
12.8455632701423,33.3,40.03
0.767231095759493,3.3,0.0
12.429288453135692,30.0,39.88
15.557554110737543,50.0,55.55
10.007167207687804,53.3,40.38
7.150266568544739,40.0,41.9
5.548534696019583,6.7,5.36
12.85604100324165,36.7,38.92
13.856023972598177,40.0,53.85
17.41935199725085,43.3,51.77
6.846681649219814,16.7,14.18
15.395446147711713,63.3,54.07
11.22711648378676,20.0,32.28
17.656729813561583,50.0,58.5
10.556242165912415,100.0,73.1
10.352596567959344,50.0,54.75
11.557541628818182,96.7,76.86
14.986307102848688,23.3,25.24
19.293809576569217,53.3,52.96
1.471267084315313,80.0,65.38
1.0686920478203432,10.0,10.4
18.75100674814677,100.0,98.68
10.597512510364124,86.7,75.43
12.298060291338722,70.0,70.34
9.648472031894578,30.0,19.24
1.8731490521494896,33.3,22.31
15.36178756837333,90.0,91.66
14.94449290177174,56.7,35.04
6.23406642985624,60.0,35.58
6.124784904568008,100.0,78.74
16.75682761811037,50.0,58.84
1.4471451548265324,26.7,29.03
17.622102967131315,73.3,66.18
5.1332337979182885,30.0,32.47
11.859694955109878,50.0,66.1
18.719883580035557,40.0,43.45
13.56245003073293,53.3,50.47
8.288596249340731,16.7,17.94
13.790684178108304,56.7,56.69
6.879592726327404,36.7,31.79
5.545168326983722,70.0,65.54
19.933665558693598,33.3,30.71
15.015804623595754,63.3,62.38
12.894399547636352,10.0,17.54
7.105792864386375,100.0,96.62
0.9832165831009632,33.3,17.12
0.6211375207031122,46.7,47.15
11.083625108975976,73.3,58.2
15.240654420781022,26.7,22.01
10.7475838088771,40.0,35.3
16.81570143878229,20.0,41.56
0.6685306618644327,43.3,33.54
7.335041528518802,10.0,16.48
4.741407823483561,80.0,53.83
8.94545936314244,73.3,61.08
1.4475278638824496,30.0,6.75
19.08263283142145,16.7,32.92
4.465108021387218,33.3,20.44
18.44615550967169,63.3,51.42
8.517863100733635,80.0,80.48
19.71048266510436,56.7,56.02
11.081167669204214,53.3,47.84
18.616657283516147,53.3,56.01
0.1069797738844569,83.3,56.36
14.964776123618002,33.3,47.28
18.061013062050307,56.7,55.16
2.794411339579081,96.7,83.38
1.9225170346430296,76.7,60.3
8.491452143719112,60.0,54.02
18.673578122658704,26.7,29.13
10.847731203808774,83.3,64.59
10.549129274434645,86.7,75.43
2.8225223659864374,86.7,64.4
0.0157902218643757,20.0,5.83
16.202801814909225,100.0,91.16
1.7514912597247645,73.3,65.14
12.67699637470648,83.3,84.17
18.29232909030383,36.7,39.59
4.17303826316862,16.7,19.41
13.305456724738216,3.3,19.59
1.5739715341501892,80.0,58.21
12.07510287675226,73.3,67.96
3.278634419064055,86.7,81.12
14.71907121030356,56.7,71.64
6.024625895878164,86.7,58.16
9.267820176092926,76.7,82.58
11.988610840552434,80.0,62.23
3.425468213324792,60.0,65.01
14.832756372352415,60.0,52.98
6.052806812736291,76.7,63.07
13.24743719825507,66.7,61.9
3.165661013987473,10.0,19.57
13.762353184127004,16.7,19.16
2.563761456209235,43.3,32.09
8.507129925399672,20.0,16.08
4.944121474777536,40.0,41.73
14.96750498856365,83.3,82.05
5.240700090137491,30.0,18.59
17.634346127907925,96.7,83.13
17.836404228132256,10.0,29.61
3.928826304455717,60.0,40.41
12.276918900154485,26.7,39.58
1.7543528343992865,20.0,4.61
7.830741992032584,10.0,11.8
14.266434590025446,16.7,32.48
13.188464936998326,66.7,59.49
12.49401338813216,100.0,89.16
5.650817273248872,23.3,6.96
7.560498988688041,96.7,60.54
2.058922894005724,3.3,15.44
14.38045640867202,46.7,45.12
10.077775935825471,76.7,65.88
14.175312646913092,96.7,85.9
4.978870495937455,83.3,68.43
6.488764572701324,30.0,28.67
6.684306745202293,86.7,60.13
0.514848194944324,50.0,38.13
6.82095745661247,76.7,61.15
16.06609147036067,40.0,48.82
17.94596991499477,50.0,57.33
10.364366312718548,60.0,36.79
9.110033904384403,16.7,27.67
0.6164923739874051,36.7,30.15
17.584086751707652,80.0,63.98
0.2602042685174544,50.0,61.44
18.89500160420424,26.7,30.67
9.784324973761812,50.0,39.76
6.838689871494532,6.7,7.77
18.484368696853203,63.3,69.3
0.4878198622019347,56.7,39.57
11.628497897381742,23.3,27.64
10.978650489986752,43.3,57.51
4.3864080242276415,13.3,24.8
8.577748627004212,10.0,4.13
13.045280118875404,43.3,24.73
14.54262393763855,50.0,55.76
0.0143371741315956,36.7,34.59
18.737068601820305,50.0,53.29
3.290507447856248,60.0,46.71
4.671608684447184,16.7,31.19
5.269468913876965,6.7,7.5
0.7564027310407062,73.3,67.63
2.4610424718064983,16.7,22.45
19.72699845888324,10.0,34.79
6.304334747545721,73.3,53.76
2.306021806780987,60.0,36.22
2.1398252234924664,6.7,0.0
14.389199353399436,90.0,77.29
17.091373280652817,73.3,64.42
5.139045990169397,53.3,48.9
0.4181902467046994,56.7,46.97
4.461800368907117,40.0,40.76
1.130313815935147,63.3,59.32
2.0678987326008302,33.3,31.98
8.630162396952848,16.7,3.88
4.598367417232652,20.0,31.96
10.318917570508468,83.3,66.4
5.069875065143807,93.3,67.06
18.810746022058957,16.7,41.12
18.11887935852529,20.0,34.91
11.33612210020932,30.0,40.24
7.088479839747723,36.7,29.68
7.622937640694712,50.0,50.49
8.237045662889939,3.3,6.04
14.55158644269888,36.7,31.19
9.03277991037676,23.3,21.32
17.13459893011795,26.7,24.14
18.88189571860729,46.7,60.6
6.718923067578677,50.0,43.55
11.213889627513602,83.3,71.15
1.9011307366512888,76.7,50.99
4.009380955327179,40.0,38.55
8.269315334203203,3.3,18.27
4.1240543180355775,20.0,12.5
17.53120981577435,16.7,28.07
3.165725121181961,96.7,73.99
9.11321643106184,56.7,57.51
12.113984809197513,30.0,33.82
13.837278163216888,63.3,53.35
7.661387394530134,46.7,32.49
17.381981374494572,10.0,18.7
11.36638302155851,13.3,13.32
8.790155608951036,53.3,51.84
1.3448126810407324,43.3,49.78
9.2937893689033,50.0,47.5
16.414716816314606,60.0,65.37
12.29082036442631,33.3,45.26
16.643249074582368,46.7,39.55
9.880233411986111,76.7,56.78
2.369234101889637,100.0,84.09
0.2727969167176214,6.7,12.03
6.064390934371824,20.0,5.0
13.95980942995585,16.7,31.7
15.805198078833875,13.3,22.06
5.915056692406589,93.3,78.0
9.91307841766494,50.0,45.1
8.422378088681633,10.0,17.04
8.210455687028556,96.7,72.46
4.62697426400301,53.3,43.26
2.7274221005891675,100.0,89.02
3.9337711646242624,73.3,63.22
1.106647743266922,50.0,39.81
3.962614836471541,90.0,59.35
0.1840179525075891,63.3,45.26
12.545168012719564,100.0,70.75
6.327508147753658,100.0,76.19
19.46289422853817,80.0,90.65
3.874341015525957,43.3,23.18
6.916571406191878,26.7,33.3
7.156823172830665,10.0,19.49
0.1690299212492108,26.7,22.03
16.78415906078918,53.3,59.95
0.6398892028864944,16.7,18.97
18.803596694584822,3.3,25.72
17.841487021872414,20.0,36.11
10.710438321719272,60.0,55.35
10.871911498225842,50.0,62.8
13.075558459123126,80.0,67.25
7.7410002386977395,50.0,40.13
12.94444566795711,60.0,67.75
0.8953677737697374,56.7,38.21
1.0809525469945314,46.7,44.46
9.144608392390888,63.3,53.05
10.9924460221207,6.7,10.15
17.75635280671638,23.3,28.1
2.093212678157925,23.3,21.76
16.452958543877788,36.7,45.57
4.200946745841392,60.0,55.78
7.881672970200637,23.3,24.17
6.332048696548258,36.7,42.3
8.00310545730798,53.3,51.74
3.009909961451711,23.3,26.45
10.0714014880711,33.3,33.04
16.032851796627344,90.0,87.92
8.830680207577938,30.0,26.23
9.812271517963982,96.7,87.15
16.975351705626284,10.0,14.67
14.121162292760616,43.3,58.97
9.809088170395697,96.7,78.81
5.153912963783593,20.0,14.7
17.698534936899332,53.3,66.72
11.540408033811168,3.3,7.61
4.422952202213867,16.7,7.02
5.382395052760208,40.0,21.83
16.06266177872492,53.3,58.27
0.8829112417491092,16.7,7.97
19.8418437405764,36.7,44.81
2.607033594295836,70.0,64.33
15.921370507938748,10.0,27.11
7.895506335433657,23.3,27.17
9.844323665749338,36.7,25.1
17.613011549291556,66.7,70.62
8.258223791784264,16.7,34.11
10.74987507346469,70.0,65.18
0.9859932481833988,6.7,14.21
0.046949477349063,26.7,14.34
4.895997460034518,86.7,56.45
13.611661858375346,73.3,71.0
2.425297867182734,36.7,42.08
2.2752391760909885,40.0,43.02
8.219212160718065,60.0,38.44
12.95674077216453,43.3,51.59
14.24143984495861,46.7,46.96
3.569013481967496,13.3,21.58
1.591762947440849,83.3,62.83
18.807940678910885,70.0,69.3
5.213327651242034,96.7,72.21
17.066929952174476,23.3,33.43
17.269829009256366,83.3,59.27
15.450451835250888,10.0,21.36
3.3766721330514016,10.0,8.07
16.436029185084006,33.3,45.86
15.385011184831734,60.0,49.75
11.934459802124342,43.3,55.67
6.744040703379055,80.0,65.21
5.250172085330882,96.7,85.16
2.4377842416071798,6.7,21.68
10.195141338017429,56.7,54.15
11.705217510196931,86.7,60.57
7.186779810315745,43.3,37.74
9.507181353617373,66.7,61.1
7.270289147385334,70.0,50.1
12.820121146414024,66.7,61.63
18.025184155931267,13.3,21.12
3.278405240938897,96.7,68.28
7.628176198062468,53.3,43.4
2.8173720790172263,80.0,64.74
12.49887540815664,73.3,68.56
14.577410189771916,86.7,62.4
18.63825465194912,80.0,71.34
5.577438525219298,36.7,39.78
19.004224117308603,96.7,80.24
1.265253436413496,93.3,78.19
12.060277267291765,96.7,86.33
1.1426543868665997,33.3,20.57
17.875483755238896,30.0,30.43
10.596181141401082,26.7,19.07
13.38696701525592,40.0,53.65
16.63147851820905,90.0,82.48
3.006212449679375,23.3,29.27
0.7718312387626769,36.7,35.61
17.577622918257042,80.0,72.57
6.29866454917865,10.0,17.29
2.5795781585433053,30.0,47.16
9.36922474174173,80.0,65.88
11.966121513920376,46.7,37.51
0.6194120684502025,40.0,30.89
5.497913165141755,30.0,15.12
0.6559974855379203,50.0,34.7
8.40670778390998,93.3,82.51
17.902000581324884,53.3,54.22
19.653048229871384,56.7,69.93
12.740951070072551,53.3,42.94
3.232753875691836,56.7,42.2
18.11698779998612,80.0,73.8
10.32495646400121,20.0,24.08
3.074986242058362,93.3,83.37
18.434533389033227,3.3,11.09
15.14938101446206,46.7,48.89
14.63410545446303,70.0,71.26
14.183614075888094,53.3,59.25
4.006796421928847,6.7,3.81
4.220133834150522,83.3,53.08
13.7658599685451,10.0,23.05
4.394455002207938,46.7,35.72
8.773433936060977,46.7,47.34
15.640036511878828,56.7,48.49
15.679050361956818,23.3,37.78
9.065235450517193,20.0,20.64
15.843798765504902,43.3,44.11
16.772435923961137,20.0,32.39
13.095515025685206,86.7,61.84
4.568517046168403,6.7,0.49
5.48023560771095,76.7,55.07
6.296823108174707,80.0,76.0
2.33608215467904,26.7,26.73
5.463192407398902,90.0,98.54
4.190384486250642,43.3,37.06
9.106574996172045,86.7,76.06
18.168750957445297,50.0,52.6
2.0896063350791616,56.7,44.69
14.405358478947912,13.3,27.51
13.745660088262554,13.3,21.36
1.9150839732671527,40.0,29.99
18.451448098116,56.7,64.8
11.369444043136392,73.3,57.06
7.274510422713685,83.3,68.87
15.130771669906132,46.7,48.03
5.147309168032681,40.0,39.59
13.870196740926408,63.3,43.08
0.7942241514449444,90.0,71.9
16.78816075218544,50.0,47.22
8.96341694042637,20.0,34.23
12.733858287158837,66.7,63.76
4.424756396133674,30.0,48.59
13.54147425316896,90.0,82.76
15.444805517865532,46.7,35.47
9.464263737687975,76.7,58.83
12.354538481235886,56.7,43.82
9.126518476447972,13.3,12.85
17.88182738515691,96.7,75.55
9.957383610286383,66.7,45.87
16.83617418057638,66.7,56.89
16.02704116540497,23.3,44.19
8.21009642696713,30.0,33.84
4.6016898371495,23.3,25.86
8.121642651195419,83.3,68.96
16.524347515504402,33.3,44.75
4.552650716387847,33.3,30.6
10.488726917154986,56.7,61.09
16.12193495921495,3.3,9.07
7.069549502567575,70.0,56.29
12.844192740053948,16.7,22.5
4.912631480976291,13.3,16.42
2.1855889073631984,76.7,54.66
15.887684501857128,80.0,72.08
1.9793724681741365,76.7,71.95
5.427627901591691,10.0,0.3
17.1021884399488,76.7,64.59
6.929385741573344,26.7,29.04
19.46090699028322,96.7,82.54
19.594686695477197,13.3,37.63
5.365520409071134,50.0,34.64
0.819564444997809,73.3,56.02
14.101265684107585,60.0,52.92
9.019730052966874,26.7,25.92
2.0150568791915258,63.3,40.44
14.150456379560856,13.3,21.65
0.6234981822384245,30.0,33.01
17.403933809844844,20.0,31.49
2.7730505822660745,6.7,2.04
2.5462375749345,46.7,42.24
3.5134459593716905,13.3,11.51
19.205327169841333,96.7,89.43
13.86338720507692,60.0,52.2
16.027430709272735,100.0,84.24
7.95269971465506,16.7,0.0
6.726254550099111,10.0,2.37
4.689680135663399,40.0,35.13
9.612960566248178,66.7,46.96
11.03657467068337,86.7,71.8
12.635496873055107,100.0,92.7
5.14237007997389,36.7,29.37
18.97308161805981,3.3,24.89
3.395169964142717,60.0,63.22
19.313063495328247,76.7,64.92
0.2971224501500757,83.3,61.52
9.622513836336912,6.7,13.69
6.667356762331256,46.7,45.08
8.982468278605015,63.3,57.75
11.41329157961578,100.0,77.33
8.71178316025418,93.3,65.4
8.2969370060319,56.7,56.92
14.65446830826613,16.7,26.29
13.717525501729291,76.7,68.69
16.665425640716958,66.7,65.54
4.999179624789911,13.3,6.08
12.190570195081271,56.7,54.87
11.703895707857075,76.7,66.0
7.394756217453775,6.7,20.84
9.721150838053616,93.3,85.06
6.275642866114575,80.0,65.41
2.836887952339704,10.0,8.49
4.276024213254656,40.0,42.44
2.1102729280240218,90.0,58.92
13.661391503802482,20.0,21.14
13.21454786218303,50.0,56.16
19.012127431597456,60.0,61.97
14.593568272944824,36.7,34.36
1.040916775122629,40.0,33.88
17.684903478579084,86.7,76.51
17.253503258914517,26.7,38.92
8.866406415453973,86.7,80.49
11.717261010558431,36.7,28.75
19.521566649450374,23.3,33.04
10.646087276963325,90.0,87.28
18.1064365675218,96.7,96.74
1.6607751562037287,16.7,4.26
3.821037374173657,60.0,54.93
8.815098868826357,3.3,0.53
11.695136166746094,50.0,59.67
16.324557037256003,30.0,34.03
19.765242302863737,96.7,87.77
7.777029929482328,40.0,35.93
0.9483127228016984,46.7,45.11
16.023430065906496,86.7,81.56
12.087614381656165,20.0,29.24
3.970857177364033,43.3,35.04
9.896569132428404,10.0,13.74
14.846204910674489,26.7,37.91
15.408235741372875,33.3,50.81
9.99236823997524,43.3,57.23
6.104290602577183,76.7,52.17
19.47485164076987,13.3,41.69
13.267252219129857,53.3,64.9
8.164750386925974,60.0,48.77
5.609264484093048,60.0,52.56
14.622059660071242,50.0,34.48
4.843668911875354,30.0,16.8
3.4341997794737638,36.7,28.54
10.596677779241404,60.0,40.53
5.799747852882837,36.7,28.05
12.5781028984723,96.7,85.05
2.3587734974846697,93.3,67.1
13.098822091346433,53.3,74.92
5.665930559954044,26.7,32.12
0.0048586886902546,40.0,30.03
2.5387211534835274,60.0,49.45
18.67230755670188,86.7,95.92
17.347092782307158,16.7,29.5
4.672180640724736,30.0,38.5
15.567438090909825,83.3,78.97
12.171431863479484,56.7,43.81
19.41809422899739,90.0,76.13
7.472113190681182,30.0,29.14
13.629212250343423,40.0,44.64
1.2707144484783717,26.7,21.03
7.924946936328119,80.0,59.93
19.27635322376361,90.0,89.42
10.779617489002412,96.7,80.63
5.757590066696892,13.3,0.0
2.405419262572137,80.0,70.17
14.070566803630609,93.3,85.55
12.897120868594536,53.3,52.63
7.478774272075492,100.0,79.02
19.018827037316687,96.7,74.84
0.4440562597570063,70.0,62.26
6.074477032636516,50.0,53.27
18.421389725991627,20.0,20.96
6.418708766388807,10.0,16.92
5.045056677103408,53.3,43.4
10.684408198624949,23.3,31.36
16.476034998410757,53.3,48.07
2.062935217567221,56.7,54.8
18.860414192914725,30.0,43.94
15.90145762362328,56.7,48.1
3.625005111031039,83.3,70.2
14.240159223963254,56.7,53.47
7.6991744527511425,46.7,34.1
8.045893561526373,43.3,43.07
15.665801848777328,36.7,29.8
19.255696159614644,40.0,38.37
2.5331174569438786,3.3,2.88
8.412604737576387,46.7,39.06
9.61883216168607,50.0,52.4
7.526236339099952,76.7,75.23
7.2637824743245,80.0,51.78
1.0453733512319308,36.7,43.68
13.710772411252464,10.0,27.0
8.724288342400907,63.3,56.79
3.8958760528785352,73.3,52.93
16.320670046041368,13.3,18.59
16.051214963032557,56.7,47.32
9.727832561777875,36.7,39.66
5.96901322295521,100.0,87.81
12.761854515929048,70.0,65.73
5.763042715548061,46.7,45.92
4.720158606474241,46.7,45.86
14.610293080526532,46.7,44.15
0.806504794419014,90.0,80.04
1.8953694206918792,46.7,31.6
0.1357634804717955,43.3,35.69
3.058863729508523,36.7,26.77
1.3798001742091892,26.7,20.82
19.916047355598373,96.7,78.26
5.776199399081792,76.7,63.43
2.985360253384945,60.0,41.78
4.819925159918359,26.7,20.41
18.72251143080269,20.0,28.29
10.403204460487911,3.3,8.33
7.296361926157138,30.0,37.23
17.467829158184387,36.7,42.08
7.899805410980649,30.0,48.05
6.700171399153916,53.3,48.5
4.145650450994712,36.7,26.65
7.555936478188229,26.7,24.22
6.333687120338521,73.3,67.15
13.54607918596282,93.3,88.02
5.791654093414542,93.3,70.4
11.543994928451228,96.7,87.19
1.317843300639454,100.0,89.8
3.8257831339302872,56.7,39.46
8.148105432226975,46.7,47.15
18.738985078173908,60.0,59.15
7.545039714313908,40.0,60.87
13.281482423996682,3.3,9.83
5.101744448427963,26.7,17.83
2.5406715194646345,53.3,64.36
1.1707320016010023,13.3,17.51
6.1082699708550265,20.0,39.66
3.1532205359381598,56.7,51.46
3.480208960322484,96.7,78.24
15.215186167739,80.0,88.48
0.3167614188974843,46.7,51.5
11.156202514708689,43.3,43.9
7.589227611869296,83.3,65.57
10.130999998170944,13.3,6.57
11.256604744292058,33.3,42.61
6.267353889145564,76.7,52.61
5.902177203685706,10.0,20.94
14.668036986698114,13.3,13.92
17.425539762423142,96.7,83.75
3.8516326491705577,100.0,81.99
1.952375210702979,50.0,38.91
17.955916127840517,80.0,71.16
6.9979092729479735,30.0,28.45
11.026347813256285,23.3,34.79
7.190862890400069,66.7,54.57
2.5160467269210263,53.3,56.35
11.78663289895456,60.0,56.35
10.502817035392592,3.3,9.81
4.059871183823944,23.3,37.12
9.037380893045556,96.7,66.8
15.938950080312916,56.7,45.79
11.808522062157827,23.3,18.95
1.938346541339897,83.3,73.45
10.9604299445827,73.3,76.37
14.054765985791738,10.0,22.94
15.854068115615028,80.0,86.52
12.582351572685337,43.3,46.05
3.0531632908156747,23.3,29.65
14.203465331803214,73.3,60.56
13.546836921630328,26.7,22.82
0.4885376588126644,90.0,76.83
8.234953351804863,73.3,54.18
6.659004939247466,90.0,63.85
13.38824128507287,63.3,61.22
4.322716246218414,90.0,86.58
11.817438459485173,20.0,36.07
18.26411923628345,3.3,22.83
15.956047444172157,23.3,23.09
18.42915472433061,36.7,46.09
19.5701193386538,56.7,52.42
0.2134025401232553,23.3,21.88
12.454825527549552,23.3,36.23
8.25678795517813,80.0,77.03
17.197089806702436,16.7,27.97
5.036294040182634,60.0,51.56
19.62058978230152,30.0,39.07
12.274159390874946,76.7,62.32
15.87074804457662,26.7,27.5
1.7119910564553664,86.7,67.34
3.669157695177301,63.3,42.12
15.168073460684065,60.0,60.59
0.4397304407864721,6.7,10.13
16.337559717875656,36.7,16.28
0.278980373838229,56.7,44.87
13.142376781225469,10.0,24.09
7.301878404636117,43.3,48.27
12.229897054383985,13.3,24.86
13.920628139782274,23.3,33.86
6.849504383726083,20.0,17.59
2.159248962216711,36.7,38.1
1.3929173549653129,90.0,83.97
11.778720451250956,33.3,44.14
10.41310707468223,43.3,44.69
14.84402018242265,80.0,78.85
10.194710200078742,53.3,50.13
8.448915800617582,33.3,43.02
7.9617435647246175,83.3,78.18
0.5289380519533493,50.0,36.05
6.711144033933143,36.7,40.52
19.520403150489884,23.3,54.91
17.471111524541776,76.7,77.58
6.587561340684354,10.0,11.84
11.755908101327444,33.3,26.1
16.94593491070988,50.0,59.64
8.825486735001373,10.0,6.75
0.3591572750030192,30.0,10.97
1.4902092363728014,50.0,38.95
10.207854426974132,93.3,92.02
19.388787513517567,46.7,52.76
13.864190844377354,73.3,82.29
1.4183238287713906,20.0,10.69
3.787217515837256,93.3,71.16
15.426462864337,36.7,44.31
16.828795199124894,6.7,19.94
12.353891723771817,80.0,88.02
12.888463392596332,43.3,39.78
0.5667490076676929,63.3,46.6
16.57060519163017,40.0,60.3
15.765504163416592,50.0,53.44
5.180702882066943,30.0,26.83
14.17353439931014,13.3,7.81
4.297092128499962,23.3,12.56
0.8066032210302598,46.7,37.26
4.0227308518075455,36.7,21.91
3.57257753508599,53.3,51.3
6.754959934696945,100.0,82.36
8.368989943509161,96.7,65.2
10.170777829954158,76.7,55.18
9.535077510166564,30.0,40.73
5.413492119305787,20.0,12.34
0.5834133714814893,96.7,80.11
12.102032444743012,40.0,51.7
7.914896596947088,73.3,57.03
5.973443147750994,73.3,62.05
17.338820856610248,60.0,65.55
14.934866155963196,83.3,83.76
17.155310967448845,3.3,21.03
9.89965589424922,53.3,59.3
2.618625042535549,40.0,48.06
13.924428722425448,33.3,25.19
4.121475598743505,53.3,38.85
8.824593381834337,43.3,31.19
1.30001577897777,80.0,61.52
16.50616804845965,16.7,24.08
2.518812820950012,66.7,52.09
18.061950140986195,76.7,73.55
17.284612045231142,83.3,79.49
9.291655288784922,76.7,65.68
14.887364086079812,96.7,77.74
12.388901476363063,40.0,35.57
16.061512846754898,50.0,51.46
8.63610201571824,80.0,72.93
15.716169684887,70.0,79.61
9.24913634130296,63.3,65.13
18.819315756855875,46.7,58.65
9.727442016502952,80.0,55.99
9.25238543867459,30.0,43.78
15.701437231270257,76.7,73.82
16.43155383521676,80.0,76.8
11.089782286423414,90.0,70.23
3.595956269901508,93.3,66.1
9.35516461915159,40.0,34.94
19.36145005819357,53.3,61.0
15.059723860783702,90.0,65.67
16.223252077582643,20.0,36.71
0.6565099763848026,73.3,59.52
9.3571892526832,60.0,57.59
12.932422673151107,43.3,39.9
16.600653672561492,33.3,42.13
0.9854730716554294,50.0,47.43
17.048777712837463,100.0,87.42
10.968018734838234,90.0,84.03
3.946279411521199,43.3,20.54
6.345104328994,76.7,66.01
5.638591035031215,36.7,22.43
10.617180685769515,50.0,41.87
1.0337135982226364,33.3,22.66
3.1707231699984706,66.7,60.48
16.253860867515648,36.7,53.29
2.652079814936221,33.3,25.77
4.667925389162539,33.3,37.74
9.067412112083147,33.3,44.73
10.34241776226661,13.3,14.91
15.272209592283172,40.0,35.36
8.946648533323756,26.7,31.05
15.797292420710775,40.0,48.37
12.366926140909149,43.3,57.89
2.261994788476449,40.0,45.47
3.126628767856772,66.7,59.08
8.740674508995417,93.3,69.78
7.937787861780792,76.7,73.86
14.870885392745892,36.7,45.32
11.614742795947038,40.0,28.54
7.762661620044986,70.0,57.38
3.4152056690077126,50.0,41.93
4.536742046509903,86.7,68.8
11.51002036938118,36.7,30.04
8.46877609799585,73.3,72.53
10.29855017721344,76.7,66.92
3.4135487060446734,66.7,57.44
13.258125046891315,50.0,36.29
17.05077481711934,80.0,74.54
5.158790135738012,53.3,35.38
9.830284516636532,23.3,23.21
19.51054658041804,6.7,24.6
6.664834811014552,33.3,34.57
11.900926898475223,36.7,46.6
1.8039140040048876,26.7,30.71
12.120300049588865,46.7,53.43
1.7926354660923582,83.3,60.86
19.18470870647644,53.3,56.41
14.313253041446227,76.7,67.23
15.763195762714128,80.0,78.28
14.082087215432736,96.7,94.26
11.794580721529314,3.3,19.99
8.998255621710108,60.0,74.12
17.167467595221247,3.3,17.57
19.13671335086126,26.7,29.84
9.980723458081629,6.7,7.5
18.63070098310524,83.3,82.49
11.66665819977035,6.7,5.31
10.767683737928664,86.7,88.15
9.089654659107133,36.7,40.29
4.185755230602397,100.0,83.58
0.0743932163611837,6.7,0.66
4.830124537121225,43.3,40.91
10.194463432071304,53.3,42.74
7.599199045195051,26.7,37.13
8.969704560052676,70.0,74.99
19.61296439128099,93.3,87.89
7.005447413386552,86.7,72.95
9.043658787202158,23.3,34.06
2.6703110270563912,6.7,5.13
0.9591546487397528,60.0,55.83
15.508190291849893,76.7,78.98
11.413663501439572,30.0,49.87
15.2140961208779,33.3,24.98
2.9972559777310326,6.7,13.05
11.43657542365382,96.7,86.59
5.072849486827511,73.3,49.7
4.561236338000398,46.7,42.05
0.2305202810597051,13.3,2.82
2.606814471381438,43.3,47.7
6.185362229993907,60.0,29.95
2.337575211818781,100.0,80.38
19.71716880821875,63.3,54.76
6.172652970479014,36.7,28.77
2.6064789340465637,36.7,17.25
3.981646256559155,33.3,38.0
11.75406456682953,86.7,79.22
1.2808704772957702,76.7,45.2
17.248682602823138,13.3,27.9
19.229993584742942,53.3,50.08
4.934948413347618,13.3,22.24
9.001905371817188,93.3,99.62
0.4426890205899414,83.3,58.14
12.81420449454443,10.0,15.33
8.278521161051778,60.0,67.81
5.401169322031114,63.3,52.42
4.1367422123321695,40.0,29.58
13.080461553175208,6.7,14.0
8.32434062064629,43.3,29.19
3.5931857805982403,23.3,23.08
13.78218162973648,100.0,96.03
11.301445660733872,20.0,30.32
17.173441098589922,13.3,24.05
2.349517977529858,80.0,62.55
15.713332038889122,63.3,61.41
13.47033573634518,70.0,66.16
2.3002187365619564,6.7,9.54
13.896414597434417,63.3,59.9
8.830945777596607,66.7,64.89
18.899695711116863,90.0,100.0
2.8322270123579862,40.0,35.49
12.85666781631476,83.3,85.82
7.6396009092589185,20.0,3.23
19.136293411817554,73.3,73.22
6.59949790580553,36.7,23.68
19.243718189836,70.0,74.99
18.02971702201498,86.7,76.38
5.407664706213127,13.3,0.0
16.070835536528556,60.0,68.65
19.91208403607012,73.3,80.37
5.053260043425647,96.7,85.39
8.735543386466393,43.3,36.73
10.403614731335193,33.3,38.8
5.898622716077286,100.0,88.71
0.3052967929205952,23.3,4.82
4.402584883950533,33.3,33.72
5.638737686835169,63.3,53.58
8.871994026363744,70.0,61.78
3.4220495682680374,96.7,80.14
17.465087133833453,10.0,11.35
14.098222654626722,73.3,70.25
1.7040095511932396,96.7,74.94
13.001849022798629,26.7,29.4
13.073129528112409,23.3,41.72
19.124423472872557,3.3,40.58
0.0604174271232249,30.0,12.94
4.958648996116144,56.7,48.65
18.55582958750631,66.7,70.38
18.64267830796566,26.7,31.2
14.411728387412747,66.7,68.98
15.3152664209508,46.7,48.03
1.8296591585929425,90.0,68.31
10.277516695564673,60.0,55.72
4.631659825779988,80.0,65.29
3.624360872272345,50.0,54.94
16.20606598246665,100.0,83.39
2.7007627336109485,60.0,43.04
9.373032739927703,100.0,82.2
18.77156479172066,66.7,64.05
3.716641111306851,83.3,58.96
19.55986847476469,36.7,37.44
19.88575971522118,93.3,87.93
11.112343093648056,63.3,60.1
3.4028548035431583,86.7,62.93
6.322097758817913,73.3,60.88
8.489856653530703,16.7,32.08
6.186484487164458,16.7,27.49
5.612711597530316,63.3,54.78
19.44459418432715,3.3,39.61
3.067296548314913,3.3,11.89
14.666558174337244,10.0,30.18
0.0082057887834974,13.3,6.62
11.923653388047535,70.0,67.67
18.31886007908105,40.0,38.26
5.75868188186438,86.7,78.19
3.710519505154384,16.7,25.09
13.03359589756854,86.7,84.23
14.252028145967865,73.3,69.78
13.760610379039626,13.3,16.84
6.386337600427481,10.0,8.44
5.044048043186617,16.7,22.17
19.11837599924088,13.3,37.67
18.46599016539859,36.7,42.63
9.146332197856406,46.7,49.32
16.923877323087467,70.0,65.65
9.04646955268592,33.3,41.8
8.487780361450207,100.0,77.34
3.135258951985893,30.0,41.08
8.528121129839457,10.0,8.48
10.74833877199614,50.0,48.16
0.4500865485737293,16.7,11.25
8.882260103508129,16.7,17.74
15.627124367904006,53.3,43.71
13.600921127485396,26.7,24.3
12.7031397772787,46.7,48.37
18.19110856874405,16.7,17.26
0.3606401965046002,36.7,18.26
11.140951723844683,20.0,17.06
15.746976968194142,60.0,75.59
10.826707654025345,100.0,93.24
6.477911051607583,20.0,21.05
2.725011301839557,76.7,64.6
17.751261436323826,86.7,84.3
9.41524784775206,83.3,76.52
17.562303939714027,26.7,29.2
11.717042448663369,36.7,33.73
13.483842332300016,3.3,27.95
16.085223087569002,56.7,64.47
13.183110892002688,30.0,40.64
7.961096813578754,26.7,23.35
10.27266767857302,66.7,67.57
16.060910493517596,83.3,74.1
7.473005927459684,66.7,56.69
7.762429135369942,60.0,43.84
1.913802321160023,63.3,50.58
18.291688704434957,30.0,41.95
1.8207262989088344,96.7,91.5
12.964183548971118,33.3,34.07
8.263889576055954,93.3,70.35
8.112387805108847,26.7,32.57
13.59103673145368,90.0,84.6
1.3418746525975744,46.7,34.47
11.874115659028693,10.0,18.29
15.440635719447096,10.0,10.01
16.564255157731886,30.0,43.23
3.410607787875506,83.3,65.39
17.948381001563472,80.0,74.67
13.122921836948844,53.3,53.17
17.637096016413658,66.7,67.7
9.705614342203964,23.3,20.39
10.84066690194404,93.3,63.11
18.38076554057342,3.3,22.71
17.998190867093435,83.3,76.39
8.96321746738004,16.7,20.95
5.488252632713635,96.7,70.84
7.863408691285283,6.7,19.63
7.755286570594995,56.7,47.14
5.73733749965588,73.3,67.53
5.371592086659332,43.3,38.05
17.22125872959439,40.0,46.99
1.3972384136932336,63.3,50.93
13.552223641991883,60.0,63.02
3.456401029129046,16.7,3.4
6.890117867881265,63.3,49.37
1.2308606826967372,63.3,54.87
5.399472737109241,43.3,42.95
15.36842142234484,73.3,62.76
17.700306490945174,46.7,60.87
4.430543038047341,33.3,33.88
9.270956785178438,50.0,38.63
9.406480958744128,46.7,40.48
17.471506115194686,33.3,50.52
15.255981057516108,23.3,24.59
10.261544367360996,76.7,51.56
13.414944009435468,66.7,66.1
16.947101078187337,23.3,33.7
0.1907790805108988,96.7,76.38
8.057800621000972,76.7,62.84
18.144863345541573,63.3,58.51
14.806260616879028,33.3,39.55
10.856827486681492,100.0,89.14
10.592890540702667,26.7,40.04
6.955401952088756,60.0,65.93
10.41041067283029,30.0,22.63
13.107663989269064,33.3,39.42
8.36726076857586,46.7,44.63
14.28306292784348,56.7,47.0
17.224644545207717,56.7,63.88
3.093696963697224,50.0,39.36
9.030940456348487,46.7,45.35
8.160401825701623,83.3,64.61
13.74929608099456,16.7,13.24
4.997349305158587,10.0,17.87
12.805018299045525,80.0,68.44
17.54978483462976,16.7,31.76
8.362631995872453,16.7,18.77
18.2203139995844,100.0,93.82
19.86327477866957,20.0,29.06
2.121840998959041,53.3,46.79
4.661063759697173,36.7,26.87
19.007595029641863,33.3,32.82
19.166553729627736,43.3,42.57
1.95414550773517,3.3,13.51
0.2999700075427336,10.0,8.55
3.222000465128445,16.7,6.74
19.92025566764497,60.0,62.6
3.5999923322137373,23.3,13.26
10.050952134440465,3.3,20.5
16.96835452861022,96.7,85.21
0.4080322137641268,40.0,33.76
12.08977964516919,53.3,50.74
5.540508977392486,63.3,44.36
17.246698328794633,53.3,49.8
5.669222985281584,20.0,18.85
13.735114405638178,43.3,37.28
13.48439264894794,56.7,53.93
4.429870977192801,83.3,77.68
0.6959839973670023,63.3,49.99
8.184991475707946,36.7,34.08
5.783863039317394,26.7,32.67
16.179554992274173,3.3,14.71
16.007283769106905,3.3,17.05
9.14047904385251,83.3,70.46
12.13024450646438,16.7,18.62
12.085190319738505,3.3,18.13
16.543162968552465,73.3,73.17
8.50004828246395,3.3,13.81
5.5089335958101815,20.0,32.47
5.30069836281095,16.7,29.67
10.723845585644083,90.0,83.32
8.98296405464425,46.7,37.23
8.802415419698724,96.7,82.68
1.8227467817941445,50.0,40.27
14.372074813803913,23.3,51.43
4.274733759638214,56.7,41.84
3.9390726041744273,16.7,12.27
8.255166405547868,76.7,55.79
4.555566832356028,56.7,56.49
11.677165346160308,96.7,86.36
7.42926678668943,50.0,53.97
8.978234451855801,90.0,68.7
10.743386432080577,100.0,83.1
4.070710449636097,26.7,22.74
3.115032457310596,36.7,29.2
17.608438057472096,13.3,30.51
8.674474056628421,56.7,58.36
8.241872192650783,76.7,71.12
0.7122430054568296,20.0,24.31
9.959526051747863,10.0,21.41
11.083394432220002,20.0,23.82
11.17681741909333,93.3,80.88
14.140623386457689,86.7,63.34
3.549636699820236,83.3,69.31
5.044462684612377,30.0,23.67
16.214609304608253,16.7,32.89
18.94341233686788,76.7,82.96
2.7186549473464128,83.3,58.28
9.952991090104364,83.3,72.65
4.2835250547917365,90.0,83.61
1.2014633670996488,80.0,54.2
6.510066762522708,3.3,5.28
2.873752503684255,3.3,0.0
14.198661468684923,23.3,22.35
10.674508273428888,40.0,45.77
2.8766894198062176,80.0,61.63
0.1848317681102873,93.3,66.26
16.163140980484254,76.7,79.05
3.5238881232849506,100.0,72.64
12.12433284441532,100.0,93.32
6.738438261534911,56.7,52.74
11.709718766300712,83.3,63.67
6.31307253964648,70.0,52.89
1.7387912138450834,20.0,12.09
4.459000171155072,10.0,0.0
3.761171329581512,56.7,45.28
8.560387048792876,90.0,66.85
13.165675668523146,83.3,77.57
5.276121498927151,50.0,60.82
0.241398706012359,10.0,14.8
10.378747285295136,33.3,35.49
12.11518978717944,10.0,34.12
19.257409880036192,100.0,88.12
11.789416061864936,83.3,76.41
9.423451187562836,73.3,64.27
11.468032517954075,53.3,53.37
18.55801259724054,63.3,57.55
16.567562912032926,93.3,83.86
6.45957466727616,66.7,56.31
4.745087273142746,53.3,51.49
5.252672247321472,93.3,67.63
10.08842079430426,56.7,45.52
14.880989024571557,96.7,81.52
10.06438414365924,6.7,18.54
1.3559279165622518,90.0,73.59
14.471614008799618,16.7,11.19
16.119402573419077,40.0,46.1
5.789957302394393,63.3,47.48
13.282514785667008,96.7,84.47
8.531838021087868,46.7,41.67
17.782387114548857,93.3,82.74
16.904511163214796,70.0,69.05
10.508639966192844,50.0,51.06
13.83011091627189,30.0,37.19
17.66699402044208,73.3,71.85
9.91434020156551,66.7,50.4
6.265014809776439,33.3,26.76
15.073322758191626,53.3,65.13
4.401325095693835,93.3,84.08
7.770622960120841,50.0,53.13
17.314544742135872,3.3,26.27
14.4884468053863,33.3,39.5
8.076220104949986,33.3,34.93
4.294890048167148,33.3,29.14
7.119367816644731,10.0,24.05
5.68208298454866,63.3,57.76
3.5217857588770785,26.7,23.39
14.866658271313131,86.7,73.45
5.041397737003431,80.0,69.18
9.083349403355276,73.3,75.67
7.717188936722181,33.3,38.41
19.641547572712614,43.3,62.38
7.82184488296441,33.3,40.39
1.599649655935096,76.7,55.26
1.7965150514416806,63.3,44.95
11.815074427061296,36.7,39.16
11.987271034765312,96.7,73.03
8.3751798096531,70.0,62.99
8.636873846240594,40.0,37.23
1.0786516568174245,73.3,41.59
10.330930207785244,20.0,19.34
10.094789507607034,23.3,22.29
2.9909863711388907,76.7,55.38
2.076787722218552,23.3,16.29
2.47144981198981,23.3,24.35
2.0205649298251704,23.3,8.53
12.194163910735195,100.0,69.34
3.929653048058373,83.3,62.45
5.0286030437492695,63.3,51.91
3.4714428830287947,20.0,19.34
19.15670608897006,23.3,24.7
17.09234926303671,40.0,34.44
4.609896747030417,13.3,11.91
6.55132587844252,46.7,45.91
4.197856846099944,96.7,73.1
9.837519189216476,66.7,57.22
0.3922106494850719,43.3,20.55
13.427360177935912,26.7,36.69
10.463162996352832,10.0,16.36
17.972778566022065,30.0,45.66
3.287853686568283,66.7,54.19
16.082184921222634,43.3,45.31
15.839220289334314,76.7,75.25
2.5436237843377385,53.3,53.42
7.971184482882552,73.3,57.42
3.403052822890338,53.3,37.49
5.0944100091509785,80.0,63.19
5.264923496610887,36.7,34.47
11.124727880515454,60.0,61.55
8.22821863520931,60.0,53.57
18.954656080126107,100.0,86.96
2.527402838940102,36.7,28.4
19.47384269700397,90.0,82.89
4.612772804285279,23.3,23.63
15.457478727637062,90.0,84.0
6.779398523456428,90.0,89.59
2.861627908346278,60.0,56.72
17.1577837049248,96.7,84.87
6.177217984729264,10.0,10.6
13.177108084536844,16.7,20.9
11.328873701732531,26.7,32.15
9.435126187817486,53.3,53.29
9.91638945297078,90.0,82.72
14.644758281845752,13.3,23.97
1.7554582824688114,83.3,63.49
13.363613239158102,93.3,75.32
17.916242027971574,80.0,79.19
1.155763940397283,83.3,47.61
2.813066784673335,93.3,75.83
14.332638734040628,90.0,86.44
8.745632964892351,70.0,61.26
8.070972416273767,3.3,29.12
2.739332690884717,33.3,20.68
10.135400814355762,73.3,59.96
2.530906223927545,3.3,0.0
9.532409126210808,83.3,68.94
15.272305979233137,6.7,8.7
5.16528715774327,36.7,41.92
9.615723363594546,13.3,14.36
19.840319387936717,66.7,77.6
13.733008467080746,80.0,70.05
16.827135426103972,43.3,53.19
8.296952131210915,90.0,67.21
15.357218462517109,86.7,69.59
0.8101834588264367,90.0,78.34
2.4582236508449,90.0,65.47
4.061411858401243,13.3,19.29
8.03903849230439,60.0,56.87
16.914897566515265,50.0,38.49
6.92532101575861,20.0,28.2
13.092423870309258,56.7,39.89
14.186285896069668,66.7,78.46
11.723647081766828,6.7,19.97
7.144839363402724,96.7,74.32
11.541066834270886,30.0,38.91
6.845311855794924,56.7,46.32
1.6774747710402416,23.3,24.37
19.85607956372029,23.3,34.79
2.543649072650218,13.3,5.91
1.446967676721147,80.0,65.75
17.57061498414312,16.7,13.24
6.036693217857902,66.7,57.98
13.005939481470152,90.0,68.98
6.580114593244657,80.0,52.4
7.829085415889423,6.7,18.64
5.24225944033593,50.0,44.87
6.860880115860204,16.7,17.53
8.214008011730861,83.3,61.45
14.408321381846855,13.3,10.73
10.230723884695836,83.3,75.42
18.87130434313954,96.7,90.46
0.8376078767755102,23.3,10.65
10.061366452640565,76.7,68.4
11.684495776634362,3.3,5.59
18.40393972148548,13.3,25.29
0.9831704724285516,80.0,64.34
11.46999169870432,13.3,5.0
17.07259857055914,20.0,20.07
4.838554562384731,23.3,13.49
17.52584697047875,56.7,62.04
0.3808681854858364,73.3,40.85
14.649092582674594,53.3,60.04
18.66226442337306,20.0,31.65
13.143953232801245,30.0,31.66
8.78058487960896,43.3,40.56
0.8976203294543605,63.3,46.46
18.40227626645257,26.7,16.01
9.405924453831496,40.0,34.95
0.5799348867189602,60.0,35.73
13.796421426575238,80.0,73.37
9.636745071525164,20.0,15.82
2.4869063488482146,70.0,64.13
4.285436186205192,3.3,9.95
1.2898136091169254,70.0,51.61
11.485870794171472,96.7,78.03
12.440589585040184,56.7,48.02
10.114845967108888,60.0,58.25
16.3420426600523,30.0,31.8
17.220176426160272,6.7,26.66
12.312487933662531,83.3,72.63
0.2551295941486109,73.3,64.18
13.904593114954713,60.0,42.36
8.359984338407031,73.3,70.03
11.31114966452774,60.0,45.34
12.981612040377687,86.7,83.58
7.004732286541535,56.7,54.62
18.341970103435884,86.7,87.31
2.679497334995624,73.3,45.34
13.430236145620748,76.7,69.31
0.0871915991316085,80.0,61.0
18.493022108103617,76.7,71.71
2.25008266476183,30.0,12.92
1.8976846029514929,93.3,72.29
6.660152661044885,26.7,17.77
7.471325720781612,23.3,10.61
4.286001446457572,53.3,56.21
11.702433218542494,76.7,67.89
8.858281960839271,100.0,100.0
0.6835117808217483,80.0,66.91
6.393041245106012,40.0,46.37
16.20865827146341,96.7,88.71
13.794030697237371,56.7,48.81
14.49741707159761,43.3,46.24
13.962338481670471,3.3,21.88
6.219460427660666,53.3,44.84
1.9932784415355176,56.7,46.39
5.44934368066192,23.3,13.78
16.635706003703184,20.0,39.51
19.609415955661422,40.0,46.85
9.876940294831227,3.3,12.88
0.1940070984608444,40.0,33.28
2.8008962426845807,30.0,40.54
6.441611506325316,13.3,9.61
11.571706971858994,16.7,34.09
1.5018729161062794,46.7,36.99
18.867145974197637,30.0,39.53
7.3016734656880145,10.0,0.0
18.251684358496465,40.0,47.16
15.610436055140436,13.3,21.59
15.108745450311623,50.0,37.22
12.13439159564464,36.7,36.82
12.535676341036892,20.0,33.6
12.760064704324964,40.0,34.12
12.57442774051164,100.0,95.76
11.074564627967224,40.0,39.93
19.728280369657774,80.0,83.01
14.645811348513922,6.7,16.22
15.538927767850424,26.7,25.46
17.449256301673483,66.7,61.02
4.312795254516983,86.7,78.81
1.6760831819012156,3.3,5.43
9.657888731971973,46.7,45.29
10.281613912385463,66.7,69.45
16.583635598998356,23.3,30.6
8.875671585646714,16.7,27.55
11.417060510886255,76.7,51.5
10.541418770269166,70.0,63.11
0.7640556751478211,63.3,49.16
12.30429793193828,70.0,71.04
16.560865715485043,60.0,55.0
3.1500109615160765,16.7,23.13
11.886634678531916,43.3,46.06
11.872210888928286,70.0,66.74
3.283699281127175,40.0,33.19
2.4692714746147204,36.7,18.87
19.60103885952969,46.7,46.14
7.874383393060751,36.7,38.45
4.548434574470585,50.0,39.52
3.426490889087499,86.7,72.09
13.3520342716647,93.3,76.37
12.188905946545576,3.3,8.2
12.871042459748349,13.3,15.29
1.7601205502290451,53.3,39.19
17.87069166996874,16.7,30.49
7.785327936180966,96.7,75.53
6.267388128607159,60.0,56.55
9.247228944954784,30.0,36.38
7.801321314952565,76.7,61.22
17.27154006278292,26.7,32.0
18.58521950395784,13.3,26.08
6.069064328992124,3.3,25.88
17.278716149199095,46.7,39.33
15.630462590661342,90.0,72.45
18.61615344689524,40.0,45.52
4.915006243717757,30.0,18.22
11.539183002419582,20.0,22.56
5.490891694808893,73.3,60.53
16.481889809687484,26.7,30.53
0.1064838114212851,53.3,49.9
11.29638325772792,10.0,15.57
6.78406862543836,73.3,72.57
6.453674141556405,23.3,33.72
12.89812647729834,33.3,33.78
17.02968898627988,73.3,68.64
12.183907827866523,56.7,74.83
17.06345957293445,26.7,39.73
5.291942237620599,33.3,41.33
10.390037095299622,50.0,53.41
9.01073078134152,23.3,18.43
0.2328979900619243,26.7,8.82
11.136242862814802,20.0,17.25
13.230486482923498,16.7,23.58
11.8382880883814,46.7,47.05
14.72559797566843,60.0,61.85
11.42679056906154,73.3,62.69
1.3350050970151384,53.3,39.09
2.3289104816942285,80.0,61.39
11.929491550879048,100.0,68.42
5.499583839472804,100.0,81.55
1.5929025806953168,86.7,57.1
8.592054868970935,23.3,28.86
11.086451961673108,73.3,69.73
6.574919766992132,63.3,38.47
14.40867404451556,83.3,76.4
12.875412162024894,10.0,18.52
6.656367221833439,60.0,62.49
15.097450578171212,16.7,22.38
12.973900850660709,10.0,19.36
12.74890757435804,76.7,75.37
11.06855401574136,53.3,45.54
0.2277933617710559,83.3,63.58
13.930143669537784,13.3,16.14
7.5208358221831295,83.3,65.78
18.852194203173116,90.0,67.81
16.359695421544107,66.7,66.82
11.753889390626243,33.3,42.87
5.043639636385389,3.3,5.27
4.074347865553332,43.3,46.48
6.807696753550983,93.3,66.82
9.531358871600371,93.3,67.98
5.921310200778942,3.3,18.42
10.298589907849657,63.3,57.38
3.3074085102637185,13.3,21.02
19.55425625651,33.3,53.29
2.1584910992998774,3.3,24.81
18.63888279308744,33.3,36.3
18.271560228053897,83.3,71.51
10.50720963638996,33.3,29.56
14.498205436721689,10.0,3.27
8.720965959451757,83.3,84.07
12.600691550848763,76.7,56.3
6.811518748422374,53.3,42.21
6.023180395708907,43.3,45.39
11.564595723390276,36.7,37.37
9.962593483679608,6.7,0.0
11.59072738299962,50.0,39.29
5.733211625740459,83.3,55.87
7.339156636339905,10.0,12.72
1.677959212578186,33.3,17.54
1.0455274454441144,46.7,45.44
5.069142593460326,73.3,58.44
1.4849371866109151,40.0,44.08
2.075494172694814,43.3,39.5
16.25856810787874,20.0,37.84
0.777473940333786,26.7,13.67
13.178855878694854,86.7,77.8
5.45115497630801,10.0,7.69
17.430913614162527,83.3,55.71
9.69984569154999,63.3,62.66
6.111529186556515,66.7,49.44
10.352778713788693,50.0,58.52
7.639160380905377,36.7,31.53
11.286021293396605,46.7,44.58
2.2906573665269647,36.7,37.53
19.939810056251023,73.3,55.98
8.511117553934351,100.0,95.6
6.964612794147373,16.7,22.38
14.204196966325298,93.3,88.32
7.27798812990665,33.3,25.57
16.66548610057515,26.7,49.01
9.085414487208505,73.3,68.64
14.391168265308698,30.0,38.85
2.149064328837731,40.0,17.67
16.922383711102235,60.0,70.59
14.714359735562198,26.7,32.34
4.234335569239313,56.7,53.16
2.905720194915733,36.7,27.82
6.325846974512488,40.0,31.54
19.521411720638085,3.3,26.96
5.136631491341173,26.7,16.89
9.122544178932666,13.3,17.14
0.6004045143467263,13.3,25.52
7.944550591324651,80.0,85.69
11.426400308662055,90.0,81.21
19.062492250159305,63.3,56.97
10.334720898801288,26.7,20.83
16.382146523553757,13.3,21.43
10.94255285137801,56.7,43.61
0.815700268710362,96.7,70.17
6.300165503795481,100.0,87.26
11.510990156622064,10.0,17.35
19.011879318622487,43.3,54.04
17.182607195024666,36.7,47.33
4.567112283576953,76.7,72.07
4.40219660038327,93.3,81.76
4.023459342278015,16.7,25.68
18.449977926050064,83.3,62.24
17.053323062034412,30.0,42.72
15.497668645058976,60.0,58.1
7.854702284484551,73.3,54.94
10.087614085975336,73.3,62.5
9.286634895903056,36.7,26.25
5.067962151187453,73.3,60.96
10.10056092297534,53.3,47.87
0.6099309570550893,60.0,40.7
2.6362074699491838,30.0,26.74
17.73179192337893,50.0,59.24
15.033595340628466,96.7,74.37
8.457368181181742,16.7,8.95
10.343007245677544,56.7,48.06
7.399977719199549,13.3,8.27
14.81559734321345,83.3,80.49
15.683743584641592,96.7,98.79
15.265703804063184,76.7,69.88
14.452234496688993,90.0,89.04
4.090086773855917,33.3,34.03
6.759399584809575,23.3,18.47
9.3969086996735,56.7,58.02
6.615859828553113,66.7,70.95
15.09880400316658,23.3,20.68
6.587070484999094,10.0,21.9
2.764641735706743,56.7,36.7
7.980809040966081,63.3,53.05
19.598288655647607,50.0,62.05
4.517628258671518,83.3,71.9
12.24317317886458,36.7,41.57
8.659460996794126,100.0,74.1
1.4204913529865326,63.3,50.8
9.75753211996119,80.0,80.2
14.043286572966249,76.7,63.84
10.264399516556376,73.3,78.22
17.442121274931623,96.7,100.0
5.778740333151653,46.7,33.93
1.7249834260792984,36.7,17.12
18.73131223316012,60.0,55.87
7.56392699056438,86.7,48.83
11.528111029072669,70.0,61.77
15.84006252260392,63.3,62.81
6.486273277511612,46.7,52.43
14.323290763552222,33.3,33.63
2.7083769963565607,83.3,56.04
5.825874944110105,93.3,65.93
2.894212722730398,10.0,7.15
16.224611168027156,53.3,52.11
4.452984704535707,80.0,69.45
14.348071108104206,3.3,12.1
18.86596794491305,83.3,71.89
10.55544418137754,90.0,86.78
10.800583845213756,40.0,32.95
9.22067136195624,86.7,67.9
6.517802867872855,93.3,86.86
9.513100618498342,16.7,23.37
12.056150645335189,20.0,12.96
19.719831443413188,73.3,68.15
18.755291186364484,83.3,77.48
17.243059165862434,60.0,51.84
17.782610714097167,13.3,49.58
9.35698366584086,30.0,19.16
13.148886543549295,10.0,15.9
17.901334458724282,3.3,28.7
7.859015299827061,36.7,43.76
19.23524956690937,90.0,70.53
8.31572124138366,96.7,81.01
12.021653307864312,16.7,17.65
14.19609426544744,90.0,72.82
19.011840261518767,76.7,72.37
4.8923254810453205,60.0,44.43
14.922619564772845,70.0,61.43
10.416311722881645,43.3,48.48
5.371142812412821,73.3,57.29
15.532136795927812,3.3,14.62
11.04444560347693,100.0,72.64
13.219476412993515,60.0,43.47
6.45802137155802,43.3,41.75
9.6254790365521,53.3,41.21
12.34708501976134,96.7,67.76
8.09821628539688,66.7,48.9
3.967450796954026,6.7,16.82
19.23280984630608,56.7,65.18
10.229350800852348,30.0,39.15
14.67840740575401,53.3,54.93
8.220943871121163,56.7,58.32
7.102635280514327,50.0,44.33
8.1432859693425,26.7,28.74
8.183932875712996,6.7,21.02
10.883602318839072,53.3,39.09
10.869397399627264,40.0,21.77
9.943076317657432,13.3,15.33
2.695715698348762,73.3,64.31
9.921509570010622,86.7,57.69
3.3820780084130297,86.7,57.95
2.5227157259153032,66.7,57.76
18.652914346823355,10.0,39.65
12.099000262954084,36.7,40.77
13.189801162491683,20.0,38.97
8.035873406667275,23.3,17.09
18.179617838297283,10.0,24.27
12.75860979159331,90.0,83.62
15.38339739047175,36.7,47.15
7.371249380554277,43.3,36.75
19.20023761638251,20.0,35.91
16.4092258031663,93.3,84.99
17.078969260290872,90.0,89.09
3.443885348515085,56.7,51.86
5.41926415742439,80.0,62.6
5.712531993671542,16.7,24.17
5.418184464937424,76.7,67.28
17.10816324208576,23.3,21.62
0.6376959041718422,50.0,49.85
1.521999779615486,36.7,30.0
5.478297412598074,53.3,54.89
3.997459492988873,80.0,47.53
4.637192277656967,16.7,21.0
15.958863785066,46.7,34.05
11.26253187784094,30.0,21.27
0.1154132258593598,30.0,25.08
8.586455314083905,30.0,34.76
8.157698537007178,63.3,61.0
2.2789053888908706,43.3,31.08
13.522835772029143,23.3,49.12
14.04194376758982,56.7,67.21
14.417864381041952,53.3,68.49
14.56941891117184,53.3,62.4
0.001056538645936,86.7,74.22
19.078416076934445,50.0,55.4
16.28417534109326,86.7,87.59
18.079633931785708,96.7,84.62
0.3128659061486827,36.7,35.44
18.677175915714788,10.0,28.48
16.195770573762093,20.0,19.24
16.74438285917397,73.3,58.71
1.8657476944393705,30.0,8.05
14.775560578371952,13.3,28.1
19.19833379284182,73.3,67.93
13.570946828363212,90.0,66.41
11.411228092492127,53.3,38.19
18.91259355497994,66.7,68.39
8.85874243468872,100.0,93.7
11.985871326209574,43.3,42.66
9.526765869887324,6.7,23.98
18.656924427205983,100.0,100.0
1.5216945353101452,76.7,46.47
10.022394016506963,20.0,25.02
13.739048827708766,50.0,60.34
15.83813076844474,16.7,29.3
11.660372948882728,10.0,6.9
18.17835488242908,30.0,47.69
18.839828937677435,43.3,50.46
1.2863844638716704,30.0,22.89
8.047410790827488,73.3,78.23
0.4691804344230887,63.3,48.65
6.588333147488859,40.0,37.75
10.737364359412044,20.0,3.83
18.215898610198977,43.3,42.8
16.931086449308058,13.3,35.5
2.5499945334397145,86.7,60.97
1.860607494817914,13.3,7.92
11.78534677513334,96.7,88.58
10.642359449175654,80.0,78.13
5.327552828600477,13.3,16.38
17.989061691076703,70.0,87.79
18.54732818923107,53.3,71.56
8.052228766803253,20.0,27.91
17.806051142270405,80.0,80.03
7.678977885259453,10.0,2.51
14.736336636594004,86.7,75.43
9.518844350954485,53.3,55.51
2.45166313014366,36.7,27.78
18.55868402474043,10.0,24.8
9.081931867550733,36.7,29.38
14.689740806448071,53.3,57.31
7.343476288625843,70.0,57.36
0.3776175715246932,23.3,9.25
2.010607173836718,16.7,16.64
9.924389589798489,6.7,18.22
13.799287142527248,16.7,25.25
6.694706531585581,56.7,45.75
13.909769183553006,16.7,23.52
13.97271178863912,16.7,28.82
14.078718146556618,70.0,75.75
9.850437080410169,46.7,43.93
18.29772300243008,33.3,49.15
9.783930359612311,56.7,32.54
9.005303869932764,96.7,94.32
3.98761638021254,50.0,48.05
6.15310174712673,60.0,44.73
0.8466898503660669,13.3,15.82
12.670705872323405,73.3,71.26
4.970714878541857,80.0,67.12
6.083105089709302,50.0,47.48
15.416290433286424,70.0,61.36
6.544423663229077,23.3,30.21
4.843917840262844,30.0,38.17
3.381154982674115,73.3,67.17
15.497168043639116,30.0,28.27
2.5941251598005377,26.7,18.53
9.07507520500707,80.0,72.34
10.138602321543887,50.0,34.41
13.747798253714292,73.3,48.39
12.665669646659907,13.3,26.46
16.214413458903497,23.3,30.76
0.895028678524763,6.7,3.68
5.928814495587944,46.7,29.24
5.6026823755075945,36.7,25.41
2.9203381118421645,80.0,63.03
5.783565077128863,66.7,50.7
6.195306282858068,76.7,66.77
10.437689238549568,80.0,71.82
13.27408957852512,10.0,25.74
7.622010272236281,40.0,43.94
14.389404626267623,36.7,47.38
6.7233067715916,63.3,50.88
5.805673546295207,80.0,51.33
10.823761117140489,76.7,58.24
0.4743272061158121,80.0,43.91
1.5957824726800074,83.3,70.68
8.359390871730541,20.0,17.34
18.85825422783513,73.3,73.85
14.430235596868473,13.3,24.74
1.762531390011155,60.0,53.43
16.926360255617475,80.0,75.8
14.64601541216362,76.7,70.11
12.218930514053064,30.0,15.32
16.405859212183547,46.7,55.06
8.082196954859143,46.7,35.26
4.430021017077054,50.0,36.04
10.240467782175187,30.0,30.84
10.976835111869477,96.7,69.76
10.766527440198242,3.3,9.46
11.301475829602106,76.7,54.32
18.97409836478361,46.7,59.79
18.04491246192463,60.0,44.58
17.514340731178788,43.3,44.65
16.028336218172544,23.3,31.72
18.868562145305702,10.0,37.17
1.969892833588065,30.0,26.55
5.30246522891479,10.0,0.0
9.901118913091697,70.0,53.79
16.930689862468103,96.7,89.94
10.10331423045465,96.7,95.32
14.960694786831771,13.3,29.42
2.7791981049783243,56.7,48.71
5.048276259531203,50.0,45.2
14.635521900753448,80.0,80.55
3.294680177754481,33.3,20.23
7.027118693098535,33.3,32.36
5.2973251562714285,23.3,26.94
6.997233884449569,63.3,73.0
14.166480981559406,10.0,19.9
7.35694362285602,26.7,36.15
11.105266452158803,10.0,23.5
1.998637541088193,56.7,44.55
16.100353864692558,20.0,27.65
7.397772512962497,90.0,70.34
12.97068318066685,16.7,41.29
14.507792033236653,90.0,90.09
4.193218442234008,43.3,38.17
17.693499699066997,93.3,86.48
12.32448503213906,100.0,83.35
8.57450283502963,46.7,42.95
3.646703671564391,80.0,79.58
18.846018758024133,3.3,24.92
15.101364082632502,50.0,63.13
4.1604912546649775,3.3,12.82
6.75421549448449,86.7,71.61
16.193485161761465,40.0,43.33
13.91355326430678,80.0,74.67
15.315685854314488,56.7,64.13
8.824022044258648,96.7,78.48
14.329525252843338,93.3,90.91
7.729874457278274,46.7,36.69
4.225258338763929,50.0,44.99
12.6535406968272,76.7,79.58
19.520278511975885,43.3,36.05
6.212019427906592,53.3,47.04
9.219391844250794,80.0,78.32
13.480027421397072,13.3,20.36
10.830125642449758,73.3,61.94
16.868555914180984,83.3,74.28
15.234854129390316,43.3,51.8
1.1659440772471408,43.3,40.89
19.96842467847548,20.0,22.66
15.048049074389343,16.7,20.23
17.278066325882264,23.3,42.1
13.023954241906928,56.7,78.47
17.125702560935245,56.7,44.97
2.247659498574188,56.7,42.18
6.954756711186311,20.0,22.58
17.528418872089855,90.0,78.44
4.033104225337844,90.0,79.73
1.564841971600455,53.3,44.88
15.76237879890438,53.3,60.9
16.709723112865923,43.3,42.21
3.253044363798012,56.7,46.1
17.08691965565431,16.7,32.64
13.735355911943392,100.0,88.63
10.40165366433168,70.0,54.31
16.6050038556277,6.7,9.38
8.384984986379315,36.7,38.95
3.879879124467944,70.0,54.64
5.697053532212273,70.0,61.5
10.103280365866295,13.3,10.69
10.626615853463514,23.3,21.8
16.111616528824673,96.7,80.57
15.827054473046688,6.7,20.45
11.627331144091498,10.0,15.47
15.615709667309527,13.3,29.37
3.83546916587342,76.7,70.01
1.0012905418658868,100.0,74.89
17.472676452694003,100.0,83.84
1.5110898752553914,90.0,68.32
4.933768594879946,80.0,63.89
13.906378992487692,73.3,59.45
8.188958752546183,50.0,51.52
17.526279398310177,86.7,77.88
5.959595893245391,96.7,86.34
0.2374269333871859,10.0,0.0
6.013112811214882,26.7,25.7
11.561500983696632,66.7,49.74
7.518767508065867,43.3,41.8
10.697455115175105,20.0,21.91
17.531962376700374,20.0,21.49
18.24970108460737,40.0,49.27
5.319481293082243,60.0,56.72
9.242809465398016,23.3,27.99
10.982880304829024,66.7,59.27
18.982249137764946,36.7,37.49
19.972346383287693,40.0,46.98
4.708144976830533,46.7,42.48
14.539597426916307,86.7,84.19
7.560621244663903,60.0,32.2
0.1621639377242645,3.3,0.0
0.1850504487180471,13.3,14.41
9.211320151245117,36.7,49.81
9.766698260086692,100.0,76.1
0.4513939314688531,70.0,43.9
13.73854833548605,76.7,81.34
5.880067771899062,23.3,27.33
11.197862030718987,6.7,19.09
6.018381463308375,76.7,57.43
3.342686297386144,40.0,41.28
8.143474771977505,83.3,70.69
4.645467295810015,63.3,51.39
10.69601953838336,10.0,19.24
3.976570605729599,80.0,65.89
10.168119532892542,50.0,48.34
3.147570297377351,73.3,67.89
13.4194941897157,33.3,33.13
15.07875368882848,20.0,31.13
2.2078846849986755,30.0,33.35
9.356048240746784,70.0,65.56
1.4174340130974716,70.0,60.18
11.963648910840048,70.0,56.65
5.288085958592907,36.7,44.02
10.552489136774156,6.7,20.33
10.349220187685823,50.0,54.81
18.487086923876006,100.0,80.29
10.981664451374458,46.7,31.96
11.659969594366313,3.3,23.1
8.033062515287606,16.7,33.13
18.981592063656336,33.3,40.24
15.543718188792193,6.7,31.57
5.708105806056832,56.7,56.09
16.88419171552464,40.0,38.94
8.6479272037018,33.3,29.06
16.57334287067188,33.3,42.02
16.45776136587004,46.7,39.99
3.777403735257088,56.7,31.85
14.022822627671538,76.7,55.26
5.812859386130622,33.3,25.21
5.949853399853364,33.3,24.22
5.926961537611614,73.3,67.03
14.511364951198964,76.7,60.03
4.596520835850722,60.0,59.42
0.0181167049218045,46.7,48.69
14.304737069652662,40.0,44.49
3.423694876702505,10.0,13.94
2.089647906156693,80.0,69.89
4.750322411881203,46.7,37.87
7.598010446454079,100.0,76.02
9.518126549464014,86.7,80.21
0.8914008142526164,20.0,15.53
19.411466652547208,83.3,69.99
14.321261068391165,16.7,32.56
6.463881306486723,96.7,87.06
6.373945145707946,13.3,31.31
8.970850987369188,20.0,29.24
12.52489645526066,50.0,57.12
2.927461331779355,30.0,25.53
3.7785962752990474,86.7,72.43
17.18869165667102,86.7,81.9
5.125098477781451,63.3,60.75
7.603899959503551,93.3,80.71
17.42543701900234,3.3,5.36
13.26295658799645,50.0,50.6
6.834237586833767,83.3,75.85
13.673990914492416,53.3,42.5
0.3936643076282742,53.3,52.39
14.712853200227304,6.7,13.11
9.74032081032479,50.0,32.57
16.263642945689224,36.7,53.43
19.092753040129367,60.0,60.56
18.515770989891365,63.3,64.24
18.18530086910681,70.0,67.57
10.243399118677743,56.7,57.79
7.202842282778761,96.7,84.62
9.300706494613456,6.7,9.77
13.797920066267215,93.3,89.94
17.679955537423734,73.3,56.89
4.139726060002391,66.7,67.76
18.36386316923406,66.7,63.9
16.303604639397783,20.0,25.69
19.57712030356469,30.0,52.39
17.605035465633744,70.0,59.52
5.598746593838133,16.7,16.55
2.119118226880954,56.7,49.91
2.2448214398317723,73.3,53.5
5.8244663715655225,36.7,34.04
12.283674479690784,13.3,12.4
16.086406521943452,33.3,32.19
17.985006139631295,70.0,66.63
12.475067687384657,30.0,23.87
0.1126262549610745,6.7,0.0
3.7263355303706702,73.3,57.92
1.994524077067359,6.7,16.86
7.2664895113802,86.7,63.42
10.027019872674918,76.7,58.58
0.8679435715712169,66.7,56.01
6.969559515913106,100.0,76.32
3.583593492506452,33.3,23.85
12.94140332517748,70.0,64.9
9.2854473864868,100.0,100.0
9.906352938678175,16.7,27.06
8.553835760669221,3.3,13.21
19.12039420973134,30.0,36.57
4.294702502431265,80.0,50.17
10.333285196877489,10.0,11.83
14.72034736730672,56.7,59.45
11.13688826269125,86.7,88.66
18.580417714336026,46.7,57.21
7.559367112825683,30.0,33.5
9.27351611546356,16.7,20.33
1.7704463042945684,33.3,38.9
12.17998222103857,83.3,81.57
5.764239368962121,50.0,54.48
3.206180790311377,66.7,55.5
10.89062585809016,70.0,55.66
10.646205267598212,53.3,39.14
1.517432824480951,80.0,51.97
13.964309069889456,26.7,39.06
12.475443813017058,96.7,89.32
3.780345654929944,63.3,51.83
9.388697243080877,40.0,32.22
14.4064583295712,63.3,63.69
10.58871481082553,50.0,50.94
7.909781523671404,83.3,72.9
6.446769161618873,93.3,69.98
12.207877332881072,96.7,81.25
18.78217396620481,36.7,45.58
13.434896809549668,86.7,74.82
1.49491807272631,66.7,65.79
9.213699469642677,16.7,23.32
17.81648263021255,20.0,21.81
1.8892485160217376,93.3,61.29
19.77751424275087,93.3,87.4
18.981387872908428,30.0,27.22
1.5654896145975172,86.7,99.49
18.668266408991094,30.0,38.03
7.262651805189244,26.7,19.16
16.89418334151725,66.7,61.78
8.36766675426543,93.3,82.16
8.817102254050317,60.0,53.04
12.684861819550852,33.3,33.69
15.489548385519669,76.7,61.57
0.6757830189649727,36.7,26.03
11.863119910542686,70.0,66.75
3.73465988194742,96.7,68.38
6.918990357264059,90.0,68.55
6.95937332310433,43.3,24.61
9.381206804423073,40.0,36.37
6.682728237523468,90.0,78.96
2.147222369013355,36.7,26.69
2.912574770509029,16.7,14.24
0.6687597112219534,73.3,48.37
9.404981706575086,50.0,46.23
19.08895389705977,16.7,20.63
2.313504472962331,83.3,72.85
18.92528986006164,20.0,29.11
14.667230294641872,90.0,73.21
12.749976058683265,73.3,66.31
12.905555106471258,13.3,17.73
16.53455296792564,60.0,62.74
2.1383972875964274,73.3,49.48
10.095086471310834,83.3,73.91
13.941822765215171,33.3,29.8
11.736408901471274,40.0,45.25
16.655581420465893,56.7,63.48
1.44543418022703,33.3,34.89
13.81402078998332,53.3,50.0
10.680554607694354,93.3,86.39
7.583217279598868,86.7,81.98
6.8054996446806175,33.3,28.56
12.416652655483858,43.3,45.08
17.819907492885296,56.7,53.5
